序号,链接,节点数
0,https://btxQCP.absslk.xyz/5dccfeac68f184c156741ca18fed17a4,40
1,https://gitlab.com/colloq168/nodefiltrate/-/raw/main/filtrate?ref_type=heads,244
2,https://glk2ez.mcsslk.xyz/0a1c9fd6abf2c1a9105079798fbbab7e,39
3,https://raw.githubusercontent.com/Alvin9999/pac2/master/clash.meta2/1/config.yaml,0
4,https://raw.githubusercontent.com/Alvin9999/pac2/master/clash.meta2/13/config.yaml,0
5,https://raw.githubusercontent.com/Alvin9999/pac2/master/clash.meta2/15/config.yaml,0
6,https://raw.githubusercontent.com/Alvin9999/pac2/master/clash.meta2/2/config.yaml,0
7,https://raw.githubusercontent.com/Alvin9999/pac2/master/clash.meta2/config.yaml,0
8,https://raw.githubusercontent.com/Huibq/TrojanLinks/master/links/vmess,0
9,https://raw.githubusercontent.com/Surfboardv2ray/TGParse/main/python/hy2,8
10,https://raw.githubusercontent.com/Surfboardv2ray/TGParse/main/python/hysteria2,26
11,https://raw.githubusercontent.com/qjlxg/hy2/main/splitted/hy2,20
12,https://raw.githubusercontent.com/ripaojiedian/freenode/main/clash,24
13,https://raw.githubusercontent.com/ripaojiedian/freenode/main/sub,25
14,https://raw.githubusercontent.com/zhangkaiitugithub/passcro/main/speednodes.yaml,22
15,dynamic://peasoft,0

总计,,395
